startDate,endDate,evenement,commentaire
-300.0,-300.0,Premières monnaies d’or des Parisii.,arrivée de la tribu gauloise des Parisii dans la région
-53.0,-53.0,"mai : bataille de Lutèce qui voit la victoire des légions de Labienus, lieutenant de Jules César, sur les Aulerques, les Sénons et les Parisii de Camulogène. Ces derniers occupent le site depuis plusieurs siècles. Les Gaulois préfèrent détruire les ponts et incendier eux-mêmes leur cité plutôt que d’y laisser entrer les Romains. L’incendie de la Lutèce gauloise permettra aux Romains de doter la ville d’une structure romaine rapidement, d’autant qu’avec sept collines et un fleuve, le parallèle avec Rome est facile.",grand conseil des Gaules en présence de Jules César Les députés des Parisii ne sont pas là
14.0,37.0,Les nautes de Lutèce élèvent une colonne en l’honneur de Jupiter : c’est le fameux « pilier des Nautes » mis au jour sous les fondations de Notre-Dame.,
50.0,100.0,Construction du forum de Lutèce.,
65.0,66.0,"Construction à Lutèce de trois thermes alimentées par un aqueduc de 16 kilomètres longeant la Bièvre dont les thermes de Lutèce, d’un amphithéâtre de 17 000 places (les arènes de Lutèce) et d’un théâtre de 3 000 places, notamment.",
250.0,250.0,"Martyre du premier évêque de Lutèce, saint Denis. Ce dernier fut l’un des sept évêques envoyés en Gaule pour l’évangéliser. Les succès enregistrés provoquèrent la haine des païens qui le firent décapiter sur la colline de Montmartre. La légende précise que saint Denis prit alors sa tête dans ses mains ; c’est la représentation la plus classique du futur saint patron de la France.",
275.0,275.0,Saccage probable par des envahisseurs germains de la rive gauche de la cité.,
291.0,292.0,Hiver particulièrement glacial. La Seine gèle ; c'est la première mention de ce type qui soit parvenue jusqu’à nous.,
300.0,300.0,Lutèce devient Paris.,
308.0,308.0,Construction d’un rempart autour de l’île de la Cité afin de la protéger des envahisseurs germains.,
346.0,346.0,Vingt jours consécutifs de pluie en mars. Inondations.,
350.0,350.0,La première basilique dédiée à Saint-Étienne est construite par les Parisiens. Cette basilique était située tout près de l'église Notre-Dame qui sera construite par Childebert Ier en 522.,
358.0,358.0,Février à juillet 358. Le césar Julien est présent à Paris avant de partir en campagne contre les Alamans et les Francs.,
359.0,360.0,"Julien est présent à Paris après sa campagne victorieuse. Il séjourne probablement au palais qui devait se trouver à la pointe de l'île de la Cité, sur un lieu qui a été ensuite occupé par les rois mérovingiens. L'empereur demandant le transfert de deux ses légions sur le Danube, les troupes de Julien refusent et le proclament Auguste à Paris. Il le devient à la mort de Constance II en 361. Dans son Misopogon Julien indique : « Je passai l'hiver dans ma chère ville de Lutèce, elle est située dans une petite île, ou l'on n'entre que par deux ponts de bois (le pont au Change et le petit Pont). Il y croit un excellent vin, on commence à connaitre l'art  d'y élever des figuiers.... »",
360.0,360.0,"Concile à Paris sur l’hérésie arianiste. Cette doctrine religieuse due au prêtre Arius ne reconnaît ni la divinité du christ, ni l’autorité du pape. Elle a été condamnée au premier concile de Nicée, en 325. Ce mouvement religieux chrétien s'est diffusé auprès de certains peuples germaniques, goths et burgondes. Les invasions de ces peuples va permettre à l’arianisme de s’imposer peu à peu à travers les parties de l'Europe qu'ils occupent progressivement. Paris devient, plus que Rome elle-même, la ville la plus hostile à l'arianisme et s'attache à rester fidèle au christianisme romain, le catholicisme.",
365.0,365.0,Octobre à décembre 365. Premier séjour de l'empereur Valentinien Ier Paris.,
366.0,366.0,"Vers juin 366. Second séjour de Valentinien Ier à Paris. On lui apporte la tête de Procope vaincu par Valens. Il y reçoit Jovin, maître de la cavalerie, qui a vaincu les Alamans.",
383.0,383.0,Bataille de Lutèce entre les forces du général Magnus Maximus proclamé empereur par ses troupes et celles de l'empereur Gratien.,
385.0,385.0,Passage à Paris de saint Martin qui guérit un lépreux à la porte Nord de la cité par un simple baiser et une bénédiction.,
397.0,397.0,"Geneviève de Paris exhorte les habitants à ne pas fuir face à l'approche des Huns d'Attila (qui se dirigera finalement vers Orléans). Ses mots restent célèbres : « Que les hommes fuient, s’ils veulent, s’ils ne sont plus capables de se battre. Nous les femmes, nous prierons Dieu tant et tant qu’Il entendra nos supplications ». Elle devient le personnage le plus en vue de la cité.",
464.0,465.0,"Blocus de Paris par le roi franc Childéric Ier, qui chasse les Romains de Paris.",
475.0,475.0,Construction d’une basilique à l’emplacement du tombeau de saint Denis.,
486.0,486.0,"Sainte Geneviève négocie avec Clovis la soumission de Paris à son autorité. Clovis vient de remporter une victoire décisive sur le romain Syagrius, mais sainte Geneviève lui interdit toute entrée à Paris. Il assiège la ville où une famine se déclare. Sainte Geneviève organise le ravitaillement, et Clovis lève le siège. Cette situation tendue entre Paris et Clovis perdure pendant dix ans. Paris est alors un îlot nicéen au milieu d’un océan dominé par l’arianisme, et sainte Geneviève ne veut pas couper définitivement les ponts avec Clovis, roi païen et pas arianiste comme tous les autres rois barbares. La défaite de Syagrius, « le dernier des Romains », marque la césure parisienne entre l'Antiquité et le Moyen Âge, ou plutôt l'Antiquité tardive.",
494.0,494.0,"Clovis se laisse progressivement convaincre par son entourage catholique de se convertir. Les avantages politiques apparaissent en effet évidents, car de nombreuses cités restées farouchement catholiques, comme Paris, appellent de leurs vœux un roi catholique. Premier signe de cette conversion progressive, le baptême de son fils. Hélas, ce dernier meurt peu après le sacrement, déclenchant une colère noire de Clovis qui assiège alors Paris. Sainte Geneviève organise le ravitaillement de la ville. Clovis lève le siège.",
496.0,496.0,La conversion de Clovis au catholicisme à Reims est accueillie par la liesse à Paris qui ouvre désormais en grand ses portes aux Francs convertis. La reconquête face aux hérétiques ariens peut commencer. Clovis est en effet le seul monarque catholique en exercice ; la France hérite du surnom de « Fille aînée de l'Église ».,
500.0,500.0,"3 janvier 500 ou 502 : Décès de sainte Geneviève : Elle est inhumée au sommet de la « montagne » qui portera désormais son nom. Clovis y fait bâtir la basilique des Saints-Apôtres, plus tard débaptisée Basilique Sainte-Geneviève : Elle devient plus tard la patronne de la ville.",
508.0,508.0,"Après avoir tué Alaric, roi des Wisigoths, lors d'un combat singulier lors de la bataille de Vouillé, Clovis réside à Paris et en fait la capitale de son royaume.",
510.0,510.0,"Proclamation de la loi salique : Afin de se positionner en refondateur de l’état de droit, Clovis fait rédiger entre 508 et 510 le premier code de lois français. Jusqu’à la Révolution française et la rédaction du Code Napoléon, ce code législatif reste à la base de la législation en usage. L’égalité entre Francs et Gallo-romains, la liberté de mariage, et la fin de la coutume du « droit de vengeance » y sont notamment proclamées.",
511.0,511.0,Après le 29 octobre 511 : Mort de Clovis à Paris. Il est enterré dans l'église des Saints-Apôtres. Son royaume est partagé entre ses quatre fils. Childebert Ier est roi de Paris.,
522.0,522.0,Crue de la Seine,
538.0,538.0,"7 mai 538 : Amélius, évêque de Paris, est présent au concile d'Orléans.",
540.0,540.0,"Construction de la cathédrale Saint-Étienne, située à l'emplacement où sera construite plus tard Notre-Dame.",
543.0,547.0,"Fondation de l'église Sainte-Croix et Saint-Vincent, depuis l'abbaye Saint-Germain sur les ruines du temple d'Isis.",
551.0,551.0,"Deuxième concile de Paris. La déposition de Saffaracus, évêque de Paris, est confirmée. Il est condamné à la réclusion dans un monastère.",
552.0,552.0,Un violent incendie ravage Paris,
555.0,555.0,Childebert Ier commence à bâtir la cathédrale dédiée à Notre-Dame,
558.0,558.0,"Clotaire Ier, roi des Francs de Soissons réside à Paris",
577.0,577.0,Chilpéric fait réparer l’amphithéâtre romain et y donne des spectacles.,
580.0,580.0,Fondation de l'église Saint-Germain-le-Rond et de l'église Saint-Julien-le-Pauvre,
582.0,582.0,Chilpéric convertit de force de nombreux juifs parisiens.,
583.0,583.0,"Février 583 : Première crue importante de la Seine mentionnée. Grégoire de Tours indique qu'il y eut une inondation si grande qu'entre la Cité et l'église Saint-Laurent, on ne pouvait aller qu'en bateau.",
583.0,584.0,Hiver très doux. Des roses au mois de janvier !,
585.0,585.0,Grand incendie qui ravage toute l’île de la Cité. Seule la cathédrale et les bâtiments qui en dépendaient restent intactes ,
595.0,595.0,"Clotaire Ier rend un édit par lequel il ordonne que les gens établis à Paris pour le guet de nuit, sont responsables des vols, s'ils n'arrêtent pas le voleur.",
614.0,614.0,"10 octobre 614 : Concile sur la liberté des élections épiscopales et sur la juridiction des évêques sur les clercs. Depuis 535, et le concile de Clermont, les évêques étaient déjà librement élu par les clercs et le peuple.",
628.0,638.0,Dagobert Ier réside à Paris et à Clichy-la-Garenne,
651.0,656.0,Fondation de l'Hôtel-Dieu par Saint Landry.,
654.0,654.0,"Décès de l’évêque Landry qui aurait été le fondateur de l’Hôtel-Dieu vers 651. Contrairement aux autres institutions d’assistance qui verront le jour par la suite, l’Hôtel-Dieu reçoit tous les miséreux et les malades, sans distinction. C'est, de fait, la première institution hospitalière, concept totalement inconnu de l'Antiquité.",
666.0,666.0,La peste ravage Paris,
719.0,719.0,Charles Martel entre victorieux à Paris,
754.0,754.0,28 juillet 754 : Onction papale de Pépin le Bref et de ses fils Carloman et Charlemagne par le pape Étienne II à l’abbaye de Saint-Denis.,
763.0,764.0,hiver très rigoureux du 30 octobre au 10 février : La mer gèle en Normandie ! La Seine gèle sur toute son épaisseur à Paris[réf. nécessaire]. Il tombe jusqu’à 10 mètres de neige dans certaines régions. Oliviers et figuiers détruits. Grande famine par la suite.,
781.0,781.0,Charlemagne fonde une école qui est le berceau de l'Université de Paris,
845.0,845.0,Famine à la suite des aléas climatiques et des destructions normandes.,
855.0,876.0,On recense onze famines en vingt ans.,
856.0,856.0,28 décembre 856 : Deuxième raid normand sur Paris qui incendient la ville.,
857.0,857.0,"12 juin 857 : Nouveau raid normand. Toutes les églises sont brûlées, sauf celles de Saint-Germain-des-Prés et de Saint-Denis, contre versement d’une solide rançon.",
858.0,858.0,3 avril 858 : Prise de l’abbaye de Saint-Germain-des-Prés par les Normands.,
860.0,860.0,Construction du pont Charles-le-Chauve,
861.0,861.0,Nouveau raid normand sur Paris qui incendient la ville et l'abbaye de Saint-Germain-des-Prés :,
869.0,869.0,Nouveau raid normand sur Paris qui pillent l’abbaye de Saint-Germain-des-Prés.,
870.0,870.0,"Afin de protéger Paris des raids normands, construction du Grand-Pont et du Petit-Pont sur ordre de Charles le Chauve.",
877.0,877.0,Paris est fortifié par une enceinte.,
885.0,885.0,"28 novembre 885 : Après quatre jours d’assauts quasi permanents, les Normands doivent se résoudre à dresser un camp pour mener à bien le siège de la ville. C’est déjà une victoire pour le comte de Paris Eudes, qui dirige la défense de Paris. Pendant le siège de Paris, les Normands ravagent les environs de la cité mais tentent également des attaques contre la ville.",
886.0,886.0,"Septembre 886 : Arrivée de l’empereur Charles le Gros qui répugne à livrer combat et préfère verser 700 livres d’argent pour faire lever le siège normand. De plus, Charles les autorise à aller ravager la Bourgogne, qui n’est pas encore entièrement soumise… Les Parisiens refusent cet accord et contraignent les Normands à démonter leurs embarcations afin de reprendre leur remontée de la Seine sans passer par Paris.",
887.0,887.0,"Mai 887 : Nouvelle tentative de raid normand, mais les défenses parisiennes les stoppent.",
889.0,889.0,"Juin-Juillet 889 : Nouvelle tentative de raid normand, mais les défenses parisiennes les stoppent encore.",
910.0,910.0,Nouveau raid normand.,
974.0,975.0,hiver rigoureux et long de novembre au 22 mars : la neige tombe encore en mai. Famine tuant le tiers de la population française et certainement la moitié des Parisiens.,
944.0,944.0,Un orage terrible ravage Paris.,
945.0,945.0,"Une cruelle épidémie, connue sous le nom de mal des ardents, mal sacré, mal des enfers frappe la ville. Cette épidémie est décrite dans les annales de Flodoard de Reims.",
965.0,965.0,"Construction de l'église Saint-Barthélemy dans l'île de la Cité, qui prit plus-tard le vocable de Saint-Magloire",
975.0,975.0,Une famine éclate pendant laquelle les hommes se dévorent entre eux.,
978.0,978.0,30 novembre 978 : L’empereur Otton II lève le siège de Paris.,
978.0,996.0,Fondation du prieuré de Notre-Dame-des-Champs,
987.0,987.0,"Paris s'agrandit au nord et au sud de l'île de la Cité. Les Couvents et les églises qui étaient isolés finissent par se réunirent au moyen de constructions diverses. La ville est alors divisée en 4 parties administratives qui prendront le nom de quartiers : le quartier de la Cité, le quartier Saint-Jacques-la-Boucherie, le quartier la Verrerie et le quartier la Grève.C'est à cette époque que fut construit un mur de clôture autour du faubourg qui s'était formé au Nord de la Cité : il commençait sur le bord de la Seine, en face de la rue Pierre-à-Poisson et se dirigeait le long de la rue Saint-Denis jusqu'à la rue des Lombards ou l'on trouvait une porte. Elle passait ensuite entre la rue des Lombards et la rue Troussevache jusqu'à la rue Saint-Martin ou il y avait une porte appelée Archet-Saint-Merri. Ce mur traversait ensuite le cloitre Saint-Merri, coupait les rues du Renard, Barre-au-Bec et aboutissait rue des Billettes, ou il y avait vraisemblablement une porte. Il longeait ensuite la rue des Deux-Portes, traversait la rue de la Tixéranderie et le cloitre Saint-Jean, près duquel il y avait une porte, et finissait enligne droite sur le bord de la Seine.",
995.0,995.0,Fondation de l'église Saint-Étienne-des-Grès,
1000.0,1000.0,Fondation de l'église Saint-Denis-de-la-Chartre,
1007.0,1007.0,"Extinction du titre de comte de Paris, le comté revenant dans la main du roi. Le comté fut introduit par les Francs vers 480 à la place de la civitas (cité + sa zone d’influence directe, soit environ 2 500 km2 autour de Paris dans le cas de l’ex-Lutèce).",
1021.0,1021.0,"Afflux d’étudiants à Paris pour suivre les cours du chapitre de Notre-Dame. Le premier maître illustre est l’archidiacre Albert, mort en 1040.",
1021.0,1029.0,"Famine chronique, avec cas d’anthropophagie les trois dernières années.",
1031.0,1040.0,"Famine chronique, qui, selon le témoignage de Raoul Glaber touche les riches et les pauvres.",
1034.0,1034.0,Un terrible incendie détruit une grande partie de la ville.,
1037.0,1037.0,Incendie important ravageant plusieurs quartiers.,
1060.0,1060.0,Le roi Henri Ier fonde l'abbaye de Saint-Martin-des-Champs,
1074.0,1074.0,Concile à Paris qui repousse l’obligation du célibat pour les prêtres.,
1076.0,1077.0,"Hiver rigoureux et long du 1er novembre au 15 avril, le plus froid du XIe siècle.",
1100.0,1100.0,Fondation de la léproserie Saint-Lazare,
1103.0,1103.0,Nomination de Guillaume de Champeaux comme écolâtre de Paris. Son enseignement vaut un prestige exceptionnel à l’école de Notre-Dame.,
1105.0,1105.0,"Épidémie, sans doute de grippe.",
1110.0,1110.0,Fondation de l'abbaye Saint-Victor,
1111.0,1111.0,"12 mars 1111. Les Parisiens témoignent leur fidélité au roi en repoussant une tentative de prise de la ville par Robert Ier, comte de Meulan.",
1112.0,1112.0,Paris s’impose comme capitale des Capétiens en prenant clairement l’ascendant sur Orléans.,
1117.0,1117.0,"Castration d’Abélard sur ordre du chanoine Fulbert, oncle d'Héloïse.",
1119.0,1119.0,Les pluies excessives et la crue de la Seine font s'effondrer des maisons.,
1120.0,1120.0,Installation des maîtres et élèves sur la montagne Sainte-Geneviève ; l’école de Notre-Dame était devenu trop petite.,
1129.0,1129.0,"Épidémie de charbon pestilentielle, dit mal des ardents.",
1130.0,1130.0,3 novembre 1130. « Miracle des Ardents ». L’épidémie est stoppée nette à la suite d'une procession des reliques de sainte Geneviève.,
1131.0,1131.0,"2 octobre 1131. Mort de Philippe, fils aîné du roi Louis le Gros, désarçonné et tué par son cheval effrayé par un cochon circulant rue Saint-Jean. À la suite de cet accident, il sera désormais interdit de laisser les porcs circuler librement dans les rues.",
1134.0,1137.0,"Fondation des églises Saint-Pierre-des-Arcis, de Sainte-Croix-de la Cité, de Saint-Pierre-aux-Bœufs et des Saints-Innocents.",
1137.0,1137.0,"En remplacement du marché de la place de Grève, installation du marché neuf au lieu-dit Les Champeaux (« Petits Champs »), à l'endroit d'anciens marécages situés alors extra-muros, qui deviendra les Halles de Paris.",
1140.0,1140.0,Juillet 1140. Condamnation par le concile de Sens de l’enseignement d’Abélard qui quitte Paris pour Cluny.,
1141.0,1141.0,"Pour mieux pouvoir surveiller les changeurs, le roi Louis VII leur interdit d’exercer hors du pont au Change.",
1148.0,1148.0,Dérivation de la Bièvre par les chanoines de Saint-Victor. La rivière se jette désormais dans la Seine à hauteur de l’actuelle rue de Bièvre.,
1149.0,1150.0,Hiver rigoureux et long de début décembre à février.,
1150.0,1150.0,Mention par saint Bernard du premier moulin à vent sur la butte Copeaux.,
1154.0,1154.0,Début de l’assèchement par les chanoines de Sainte Opportune des marais situés entre Montmartre et la ville.,
1163.0,1163.0,Maurice de Sully décide de reconstruire l'ancienne cathédrale Saint-Étienne en une cathédrale dédiée à Notre-Dame qui deviendra la Cathédrale Notre-Dame de Paris.,
1164.0,1164.0,"Percement de la rue Neuve Notre Dame lors de la reconstruction de la cathédrale. Ces travaux entraînent la destruction de l’Hôtel-Dieu, qui est reconstruit au sud du parvis.",
1171.0,1171.0,L'hôpital Saint-Jean de Latran est fondé sur une parcelle du clos Bruneau.,
1179.0,1179.0,1er novembre : En l'absence de son père de plus en plus souffrant Philippe Auguste est sacré roi de France.,
1180.0,1180.0,19 mai 1182. Consécration du maître-autel de la cathédrale Notre-Dame.,
1184.0,1184.0,"Les principales rues de Paris commencent à être pavées grâce à la donation de 11 000 écus du financier Gérard de Poissy, et les habitants sont tenus de les balayer au droit de leurs maisons.",
1187.0,1187.0,L'église Saint-Thomas-du-Louvre est rebâtie.,
1188.0,1190.0,Famine chronique.,
1190.0,1220.0,"Philippe Auguste, fait édifier une nouvelle enceinte fortifiée de Paris qui sera achevée en 1211.",
1194.0,1194.0,"3 avril 1194. Pertes des archives royales à l’occasion de la bataille de Fréteval. Philippe Auguste décide de tout consigner désormais en double exemplaire, l’un d’eux devant rester impérativement à Paris. C’est le début de la fixation de l’administration royale, jusque-là ambulante, comme le reste de la cour.",
1196.0,1196.0,Crue de la Seine. Des ponts de la Seine se rompent.,
1196.0,1197.0,Famine.,
1197.0,1197.0,Mars 1197. Crue de la Seine qui emporte les ponts de Paris.,
1198.0,1198.0,Création d'un premier monastère à l'emplacement de Saint-Antoine-des-Champs.,
1200.0,1200.0,Apparition des premières enseignes pour permettre l’identification des habitations privées.,
1200.0,1200.0,"Frère Hubert, trésorier de l'ordre du Temple, fait construire la grandetour du Temple",
,,Étés chauds tout au long du siècle.,"class=""abbr"" title=""13ᵉ siècle"">XIIIe siècle"
1201.0,1201.0,Jean d'Angleterre est logé au Louvre,
1202.0,1202.0,Fondation de l'hôpital de la Trinité sous le nom d'hôpital de la Coix-de-la-Reine,
1204.0,1204.0,Construction de l'église Saint-Honoré,
1205.0,1205.0,Fondation de l'église Saint-Etienne-du-Mont et la l'église Saint-Symphorien de la Cité,
1206.0,1206.0,"Décembre 1206, crue très importante de la Seine, au point que l'on ne peut se déplacer qu'en bateau, qui emporte trois arches du petit pont et détruit de nombreuses maisons.",
1210.0,1210.0,Condamnation pour hérésie des disciples d’Amaury de Chartres. Ces derniers sont brûlés aux Champeaux pour avoir poussé trop loin l’étude la Métaphysique d’Aristote.,
1212.0,1212.0,L'église Saint-Jean-en-Grève est érigée en paroisse.,
1212.0,1212.0,L'église Saint-Eustache est érigée en cure.,
1214.0,1214.0,Philippe-Auguste fait achever le Louvre,
1215.0,1215.0,"Août 1215. Don de ses statuts à l’université de Paris par le légat pontifical, Robert de Courçon.",
1218.0,1218.0,Fondation du couvent des Jacobins  dans le quartier Saint-Jacques,
1219.0,1219.0,"Crue de la Seine,",
1220.0,1220.0,Fin des travaux de l’enceinte de Philippe-Auguste qui protège 273 hectares. Paris compte 50 000 habitants.,
1221.0,1221.0,Crue de la Seine puis famine.,
1224.0,1225.0,Grande épidémie générale en Europe et à Paris.,
1225.0,1225.0,Établissement du couvent des Filles-Dieu,
1229.0,1229.0,"15 avril 1229. En réaction aux bagarres du 26 février, départ pour Oxford et Cambridge de nombreux maîtres et élèves.",
1230.0,1230.0,Fondation du couvent des Cordeliers,
1231.0,1231.0,13 avril 1231 : Fin du conflit de l’université avec la bulle Parens scientiarum qui accorde aux élèves le privilège du canon et les assimile à des clercs.,
1235.0,1235.0,Fondation de l'église Saint-Leu et Saint-Gilles,
1240.0,1240.0,"Sur ordre de l’évêque Guillaume d'Auvergne, réglages des sonneries des cloches par des horloges.",
1244.0,1244.0,Construction du couvent des Bernardins,
1245.0,1245.0,Fondation de la Sainte Chapelle,
1246.0,1246.0,26 avril 1248 : Consécration de la Sainte-Chapelle.,
1250.0,1250.0,"Construction de la Cura Regis, ou parlement, avec des premières sessions uniquement judiciaires. Le Parlement de Paris n’est pas un institut local mais national qui a autorité de la Picardie à l’Auvergne, des Pays de Loire à la Champagne.",
1252.0,1252.0,Début de l’enseignement de Thomas d'Aquin à l’Université de Paris.,
1253.0,1253.0,Fondation du collège de la Sorbonne,
1254.0,1254.0,Les Carmes s'installent quai des Célestins,
1255.0,1255.0,"Le greffier du Parlement, Jean de Montmartre, ouvre le premier de ses registres, les Olim.",
1256.0,1256.0,Saint Louis établit une bibliothèque dans la Sainte-Chapelle,
1257.0,1257.0,"1er septembre 1257. Ouverture du collège fondé par Robert de Sorbon, la Sorbonne.",
1258.0,1258.0,Établissement des chanoines de la Sainte-Croix de la Bretonnerie et des Blancs-Manteaux,
1259.0,1259.0,Les Chartreux vont occuper le château de Vauvert.,
1260.0,1260.0,L'église Saint-Josse devient une paroisse,
1261.0,1261.0,Le prévôt de Paris est désormais un simple fonctionnaire royal.,
1268.0,1268.0,Compilation du Livre des métiers par le prévôt royal Étienne Boileau qui mentionne les statuts de cent trente-deux métiers.,
1270.0,1270.0,Le chambellan et voyer de Paris Jean Sarrazin dresse un état des droits de sa charge en 13 articles.,
1280.0,1280.0,Fondation du collège d'Harcourt,
1281.0,1281.0,On commence à construire dans les environs de l'église Saint-Honoré,
1292.0,1292.0,Apogée de l’Université de Paris qui reçoit du pape le droit d’enseigner toute la chrétienté.,
1296.0,1296.0,Saint-Marcel et Saint-Germain-des-Prés deviennent des faubourgs de Paris,
1299.0,1299.0,Première mention de la construction d’une horloge à Paris.,
1300.0,1300.0,Population de Paris estimée de 250 000 à 300 000 habitants.,
1300.0,1300.0,"Première liste des noms de rues de Paris dans Le Dit des rues de Paris par le rimeur Guillot de Paris. Ce document indique que la capitale comptait 310 rues dont 80 dans le quartier d'Outre-Petit-Pont, 36 dans la Cité et 114 dans le quartier d'Outre-Grand-Pont. Toutefois ne sont pas comprise les impasses, les rues sans chief et les rues situées hors des murailles.À cette époque, les rues de Paris, étroites, sombres, malsaines étaient sales et pour la plupart non pavées. C'était le voyer de Paris qui avait à charge la voirie de la ville.",
1302.0,1302.0,"Réunion à Notre-Dame des premiers États Généraux, afin d’apporter un soutien au roi Philippe le Bel contre le pape Boniface VIII.",
1304.0,1304.0,Installation des changeurs sur le Grand-Pont qui prend désormais le nom de Pont au Change.,
1305.0,1305.0,"À la suite de travaux de réfection du Pont au Change, les changeurs peuvent exercer sur la rive attenant au Châtelet : Les changeurs, qui se contentaient jusque-là d’effectuer le change entre les diverses monnaies européennes, deviennent depuis peu des prêteurs ; on appelle ces derniers les Lombards (16 changeurs et 20 lombards en 1292).",
1306.0,1306.0,30 décembre 1306 : Émeute contre la hausse des loyers. Le roi est même assiégé par la foule au Temple.,
1307.0,1307.0,13 octobre 1307 : Arrestation des Templiers.,
1310.0,1310.0,"Juin 1310 : Margueritte Porette, une illuminée originaire du Hainaut, et une juive relapse, sont brûlées vives en place de Grève.",
1311.0,1311.0,Expulsion des usuriers lombards.,
1313.0,1313.0,"19 mars 1314 : Bûcher pour les Templiers, dont Jacques de Molay, à la pointe de l’île de la Cité :",
1315.0,1315.0,"Hiver 1315-1316 : Hiver rigoureux et long de décembre à Pâques. Grande Famine. La Seine gèle. Lors de la débâcle, les ponts de Paris sont emportés.",
1318.0,1318.0,"Par une ordonnance royale de janvier 1318, le roi de France Philippe V le Long enjoint au greffier du Châtelet de veiller « à ce qu'une chandelle fut entretenue pendant la nuit à la porte, du palais de ce tribunal, afin de déjouer les entreprises des malfaiteurs qui se perpétuaient jusque sur la place, alors la plus fréquentée de la capitale. » Il existait deux autres éclairage à la tour de Nesle et au cimetière des Innocents, mais c'était tout.",
1320.0,1320.0,"Décembre 1320 : Organisation définitive du parlement en trois chambres : Grand-Chambre, Chambre des enquêtes et Chambre des requêtes :",
1322.0,1322.0,"Autorisation par le prévôt de Paris du travail de nuit, jusque-là strictement interdit",
1323.0,1323.0,Parution du premier guide touristique de Paris de Jean de Jandun :,
1325.0,1325.0,"En décembre, crue de la Seine qui continue en janvier",
1326.0,1326.0,6 janvier 1326 : Hiver rigoureux et long. La Seine gèle. Les ponts de Paris sont emportés par la débâcle. Inondation très importante. L’île de la Cité est approvisionné par bateaux pendant cinq semaines.,
1328.0,1328.0,Février 1328 : Épidémie particulièrement meurtrière.,
1342.0,1342.0,"20 mars 1342 : Institution de la gabelle, impôt sur le sel qui suscite de très vives résistances.",
1345.0,1345.0,"Après 182 années de travaux, la cathédrale Notre-Dame de Paris est achevée.",
1348.0,1348.0,"Interdiction royale de balayer les rues après de fortes pluies afin de limiter le rejet des ordures à la Seine, principale source d’eau potable utilisée par les Parisiens.",
1349.0,1349.0,"Mai 1349 : Au paroxysme de l’épidémie de peste noire, le Conseil royal quitte la ville.",
1350.0,1350.0,"7 juillet 1357 : Achat par Étienne Marcel, prévôt des marchands depuis 1355, de la maison aux piliers de la place de Grève afin d’y installer la municipalité.",
1358.0,1358.0,"10 août 1358 : Après quelques exécutions de partisans d’Étienne Marcel, une amnistie est proclamée.",
1360.0,1360.0,13 mai 1360 : Signature d’une convention entre les bourgeois de Paris et les Anglais pour le rachat de dix places fortes qui gênent les communications et le ravitaillement de la ville.,
1360.0,1363.0,Épidémie de peste.,
1363.0,1363.0,La paupérisation s’accentue et le nombre de mendiants errants dans les rues de Paris devient important.,
1364.0,1364.0,"Charles V le Sage est couronné roi de France et abandonne l’hôtel Saint-Pol dans le quartier du Marais, siège traditionnel du pouvoir, pour s’installer au Louvre qu’il fait rénover.",
1365.0,1365.0,Population de Paris estimée à 275 000 habitants.,
1368.0,1368.0,Nouveau détournement de la Bièvre qui se jette désormais dans la Seine au niveau du Château de la Tournelle. La partie de la rivière restée à Paris est transformée en égout.,
1370.0,1370.0,22 avril 1370 : Pose de la première pierre de la Bastille :,
1372.0,1372.0,"Jeanne Daubenton, membre très active des [Turlupins] est brûlée vive en place de Grève. Les Turlupins sont les héritiers des adamistes qui prêchent pour le dénuement et la nudité. Ce mouvement est excommunié cette même année par le pape Grégoire XI.",
1373.0,1373.0,Crue importante de la Seine.,
1374.0,1374.0,Crue de la Seine.,
1378.0,1378.0,Construction du pont Saint-Michel d’abord appelé pont Neuf :,
1380.0,1380.0,Fin des travaux de l’enceinte dite de Charles V qui protège 439 hectares.,
1382.0,1382.0,Révolte des Maillotins,
1383.0,1383.0,Été 1383 : Canicule.,
1386.0,1386.0,Dernier duel judiciaire entre Jean de Carrouges et Jacques Le Gris (en) à Saint Martin des Champs,
1389.0,1389.0,"20 juin, Couronnement et entrée à Paris de la reine Isabeau de Bavière",
1392.0,1392.0,"Le 13 juin, le connétable Olivier de Clisson est assassiné par Pierre de Craon à l'entrée de la rue Culture-Sainte-Catherine. Grièvement blessé, il survivra.",
1395.0,1395.0,"Autorisé depuis 1322, le travail de nuit est à nouveau strictement interdit à Paris.",
1397.0,1397.0,"22 juin 1397 : Le prévôt de Paris interdit la pratique du jeu de paume tous les jours, sauf le dimanche « parce que plusieurs gens de métier et autres du petit peuple quittaient leur ouvrage et leur famille pendant les jours ouvrables, ce qui était fort préjudiciable pour le bon ordre public ». Encore une fois, les joueurs ne tiennent aucun compte de cet interdit et des parties ont lieu tous les jours, au grand désespoir des autorités municipales.",
1405.0,1405.0,Jean sans Peur entre dans Paris et fait rendre aux bourgeois leurs armes et leurs chaînes.,
1406.0,1406.0,Les inondations emportent le pont de Planches-Mibray,
1407.0,1407.0,"23 novembre 1407, Sortant de l'hôtel Barbette, le duc d'Orléans est assassiné devant l'actuel hôtel Amelot de Bisseuil. Cet évènement marque le début de la guerre civile entre Armagnacs et Bourguignons.",
1407.0,1408.0,"Hiver rigoureux et long du 10 novembre au 10 avril, l’un des plus froids du Moyen Âge. 66 jours de gelées à Paris. La Seine gèle. Le pont bâti du Petit-Châtelet, le pont Saint-Michel construits en bois ainsi que les maisons du Grand-Pont, sont emportés par les glaces charriées par une crue de la Seine en janvier 1407. Disette.",
1411.0,1411.0,30 juin : Orage épouvantable,
1413.0,1413.0,Révolte des Cabochiens.,
1417.0,1439.0,Étés généralement plus chauds. Vendanges précoces dès la fin août.,
1418.0,1418.0,"Perrinet-Leclerc introduit les Bourguignons dans Paris, par la porte de Buci, qui avaient fait alliance avec les Anglais. 18 000 personnes sont égorgées dans les jours suivants.",
1419.0,1420.0,Hiver rigoureux et long. Abondante chute de neige. Les loups à Paris.,
1420.0,1420.0,"Siège de Paris par Henri V d'Angleterre, qui entre dans Paris, le 1er décembre, ruiné, dévasté et désolé par la disette. La capitale restera 16 ans aux mains des Anglais ou de leurs alliés.",
1421.0,1421.0,Hiver rigoureux et long amenant une famine atroce. On ne rencontre dans les rues que des gens expirant de froid et de faim.,
1422.0,1422.0,"21 octobre, Charles VI meurt à l'hôtel Saint-Paul.",
1426.0,1426.0,Inondation qui fera chuter le pont Notre-Dame deux ans plus tard,
1427.0,1427.0,Siège de Paris par Charles VII de France,
1428.0,1428.0,Épidémie de peste. La population chute à 100 000 habitants.,
1429.0,1429.0,Siège de Paris par Jeanne d'Arc,
1431.0,1431.0,"Le 16 décembre, Henri VI d'Angleterre est sacré et couronné roi de France à la Cathédrale Notre-Dame de Paris",
1435.0,1435.0,"Siège de Paris mené victorieusement par Ambroise de Loré, maréchal de Charles VII",
1437.0,1438.0,"Épidémie de peste qui emporte plus de 50 000 personnes en 6 mois, suivie d'une terrible famine.",
1457.0,1457.0,Le prévôt des marchands fait réparer l'aqueduc de Belleville,
1461.0,1461.0,"31 août, entrée du roi Louis XI de France dans la ville qui y séjourna longtemps après la bataille de Monthléry",
1462.0,1462.0,Siège de Paris par Philippe III de Bourgogne,
1465.0,1465.0,Siège de Paris lors de la guerre du Bien public,
1466.0,1466.0,Épidémie de peste,
1467.0,1467.0,Les chaleurs de l'été causèrent une maladie contagieuse qui tua tant de monde que Louis XI rendit une ordonnance portant que le droit de bourgeoisie serait accordé à quiconque viendrait s'établir dans Paris.,
1475.0,1475.0,19 décembre : Le connétable de Saint-Pol est décapité en place de Grève,
1477.0,1477.0,4 août : Le duc de Nemours est mis à mort.,
1480.0,1480.0,"Grand froid, le vin gèle en dehors des celliers. Pierre Grognet indique : « Mil quatre cent avecques quatre-vingtz, Lors ès celliers gellerent moult de vins ».",
1481.0,1481.0,"Famine. Pierre Grognet indique : « Mil quatre cent quatre-vingtz et puis ung, Gros et menus moururent en commun ».",
1493.0,1493.0,"Jean Langlois, prêtre, devenu calviniste, considéré comme hérétique est brûlé vif à la voirie.",
1498.0,1498.0,"Le pont Notre-Dame s'écroule avec toutes les maisons qu'il supporte, plusieurs personnes périssent noyés. Le prévôt des marchands et les échevins sont condamnés à une amende considérable pour avoir négligé l'entretien de ce pont.",
1499.0,1499.0,"Crue de la Seine qui fait s’effondrer le pont Notre-Dame. Le poète Pierre Grognet indique « Mil quatre cens quatre-vingtz dix et neuf, tomba le pont Notre-Dame de neuf. Ce cas advint en octobre treizième jour du matin viron l'heure neuvième ».",
1500.0,1507.0,Reconstruction du pont Notre-Dame en pierre de taille.,
1503.0,1503.0,"Edmond de La Fosse, un écolier hérétique, est brûlé vif  marché aux Pourceaux",
1515.0,1547.0,"Jusqu'au règne de François Ier, les matières fécales sont transportées chaque jour aux décharges publiques, placées hors des portes de la ville.",
1521.0,1521.0,15 avril 1521. Condamnation par la Sorbonne des théories de Luther.,
1522.0,1522.0,Une épidémie de peste ravage la population.,
1530.0,1530.0,Création par François Ier du Collège de France sous le nom de « Collège royal ».,
1531.0,1532.0,À partir de décembre 1531; nouvelle épidémie de peste. La ville est obligée d'acheter 6 arpents de terre dans la plaine de Grenelle pour ensevelir les morts.,
1534.0,1534.0,17-18 octobre 1534. Affaire des Placards. Les calvinistes placardent des textes de Calvin.,
1536.0,1536.0,Siège de Paris par Charles Quint,
1538.0,1538.0,"29 juillet 1538. Explosion de la tour de La Forge, réserve de poudre touchée par la foudre.",
1544.0,1544.0,Les environs de Paris sont infestés de brigands. François Ier fait marcher contre eux de véritables armées,
1547.0,1547.0,22 avril 1547. Arrivée à Paris via la Seine du premier train de bois de chauffage.,
1548.0,1548.0,30 août 1548. Inauguration du premier théâtre permanent à l'hôtel de Bourgogne.,
1549.0,1549.0,Juillet : Jacques Ier de Coucy est décapité en place de Grève.,
1553.0,1553.0,Introduction à Paris des sorbets glacés par des glaciers italiens.,
1557.0,1557.0,4-5 septembre 1557. Émeute des catholiques parisiens contre la Réforme.,
1569.0,1569.0,"30 juin 1569  : Les huguenots Philippe de Gastine, Richard de Gastine, son fils, et Nicolas Croquet, son gendre sont pendus et étranglés.",
1572.0,1572.0,23 au 24 août 1572 : Massacre de la Saint-Barthélemy ; 2 000 morts.,
1574.0,1574.0,25 octobre 1582 : Nicolas de Salcède est écartelé en place de Grève.,
1585.0,1585.0,La communauté des escrimeurs de Paris adopte le terme de maître d'armes.,
1587.0,1587.0,Création d'une chaire d'arabe au Collège de France.,
1588.0,1588.0,"« Journée des barricades », début de la Ligue à Paris",
1589.0,1589.0,Octobre : deuxième siège de Paris par Henri IV.,
1590.0,1590.0,mars-septembre : troisième siège de Paris par Henri IV; 100 000 morts.,
1591.0,1591.0,29 décembre 1594 : Jean Châtel est écartelé en place de Grève.,
1600.0,1600.0,27 septembre : Guy Éder de La Fontenelle est roué vif en place de Grève.,Paris compte 300 000 habitants
1603.0,1603.0,2 décembre : Julien et Marguerite de Ravalet sont décapités en place de Grève.,
1607.0,1608.0,Hiver glacial. La Seine gèle en janvier 1608.,
1607.0,1612.0,27 mai : François Ravaillac est écartelé en place de Grève.,"construction de l'Hôpital Saint-Louis-de la place Royale, actuelle place des Vosges"
1615.0,1616.0,"Hiver glacial. La Seine gèle du 1er au 30 janvier. Lors de la débâcle, le pont Saint-Michel est emporté et la ville est inondée. Aux environs de Paris, l’épaisseur de la couche de neige dépasse la taille d’un homme.",
1617.0,1617.0,"8 juillet : Léonora Galigaï, veuve de Concino Concini est décapitée puis brûlée en place de Grève.",
1621.0,1621.0,10 décembre : Jean Fontanier est brûlé avec ses écrits en place de Grève.,
1626.0,1626.0,"Commencement de nouvelles fortifications qui suivait à peu-près la ligne des boulevards actuels et qui étaient formés de bastions, de courtines plantées d'arbres et de fossés.",
1627.0,1627.0,"27 juin : François de Montmorency-Bouteville et François de Rosmadec, comte de Chapelles sont décapités en place de Grève.",
1628.0,1628.0,Publication de la première étude de l'argot parisien de Chéreau.,
1630.0,1630.0,30 mai : Premier numéro du périodique parisien La Gazette de France.,achèvement de l'Hôtel de Sully dans le Marais
1632.0,1632.0,10 mai : Louis de Marillac est décapité en place de Grève.,
1633.0,1633.0,13 mars : Première séance de l'Académie française.,achèvement de l'église Saint-Eustache
1636.0,1636.0,Disette et peste,
1638.0,1638.0,"Disette et peste, de nouveau.",
1642.0,1642.0,Ouverture et fermeture du premier point de vente de café à Paris. Il faut attendre encore vingt ans pour voir le café s'imposer à Paris.,Construction de l'Hôtel Lambert par Le Vau
1648.0,1648.0,27 août : Journée des barricades; Plus de 1 200 barricades à Paris pour protester contre « les abus de l'État ». Les émeutiers obtiennent la libération de plusieurs centaines de prisonniers.,
1649.0,1649.0,"Siège de Paris durant la Fronde, mené par le Grand Condé contre son frère Armand de Bourbon-Conti",
1650.0,1650.0,"Vers 1650, sous le règne de Louis XIV, Paris a environ 500 000 habitants et compte 500 grandes rues, 9 faubourgs, 100 places, 9 ponts, 25 000 maisons dont 4 000 à porte cochère.",
1651.0,1651.0,15 mai : première course de chevaux moderne organisée à Paris. Deux cavaliers s’affrontent sur un parcours dans le Bois de Boulogne. L’arrivée est jugée au château de Madrid en présence du jeune Louis XIV.,
1652.0,1652.0,2 juillet : Bataille du faubourg Saint-Antoine entre l'armée royale commandée par Turenne et les troupes de la Fronde commandée par Condé.,
1658.0,1658.0,"27 février : La plus grande crue de la Seine avec 8,96 m à l'échelle d'Austerlitz.",
1617.0,1676.0,"29 décembre : Jacques Chausson et son complice Jacques Paulmier, dit Fabri sont brûlés vifs en place de Grève.",
1662.0,1662.0,1er septembre : Claude Le Petit est étranglé puis brûlé en place de Grève.,
1667.0,1667.0,Achèvement des bâtiments de l'abbaye du Val-de-Grâce.,
1670.0,1670.0,5 août : François Sarrazin a son poing coupé puis est brûlé vif en place de Grève.,
1672.0,1672.0,Inauguration de la Porte Saint Denis.,
1674.0,1674.0,Octobre : Premiers pensionnaires hébergés à l'hôtel des Invalides.,
1676.0,1676.0,"17 juillet : Marie Madeleine Dreux d'Aubray, marquise de Brinvilliers est décapitée en place de Grève.",
1680.0,1680.0,"22 février : Catherine Deshayes, dite la Voisin est brûlée vive en place de Grève.",
1685.0,1685.0,"Ouverture du café Procope, plus vieux café de Paris.",Construction de la Place des Victoires
1693.0,1694.0,Grande famine,
1699.0,1700.0,Nouvelle disette,
1702.0,1702.0,"Paris compte 20 quartiers, 14 faubourgs et 2 villages.",
1708.0,1709.0,"Grande famine avec environ 1,4 million de morts en France. Paris est approvisionné pour la première fois le 5 avril. Dégel en avril.",
1717.0,1717.0,7 mai au 20 juin : visite du tsar Pierre Ier de Russie qui loge à l'hôtel de Lesdiguières et rencontre le Régent ainsi que le jeune Louis XV.,
1720.0,1720.0,"Vers 1720, sous le règne de Louis XV, les noms des rues sont indiqués sur des écriteaux et on commence à numéroter les maisons. On substitue à l'éclairage par des chandelles l'éclairage par des réverbères à huile. Le guet qui compte 180 archers et 850 fantassins est réformé.",
1721.0,1721.0,28 novembre 1721 : Louis Dominique Cartouche est roué vif en place de Grève.,
1722.0,1722.0,"Paris s'accroit de près de 4 000 arpents. Le bourg du Roule est érigé en faubourg, le quartier Gaillon commence à être construit.",
1739.0,1740.0,"Hiver glacial. 75 jours de gelées à Paris, dont 22 consécutifs. La Seine gèle sur 40 cm de profondeur. Froid d’octobre à mars.",
1740.0,1740.0,"26 décembre : La troisième crue plus grande de la Seine, avec 8,05 m.",
1741.0,1741.0,"Edmond Jean François Barbier indique pour le mois de janvier : « D’un côté, la plaine de Grenelle et tout le canton des Invalides, le grand chemin de Chaillot, le Cours et les Champs-Elysées, tout est couvert d’eau. Elle vient même par la porte Saint-Honoré jusqu’à la place Vendôme. Le quai du Louvre, le quai des Orfèvres, le quai de la Ferraille, le quai des Augustins, la rue Fromentau jusqu’à la place du Palais-Royal, tout est en eau. Le côté de Bercy, de la Râpée, de l’Hôpital Général, de la porte et quai Saint-Dernard, c’est une pleine mer. La place Maubert, la rue de Bièvre, la rue Perdue, la rue Galande, la rue des Rats et la rue du Fouarre, c’est pleine rivière. Toutes les boutiques sont fermées ; de tous les côtés on est réfugié au premier étage, et c’est un concours de bateaux, comme en été, au passage des Quatre-Nations (l’Institut). La place de Grève est remplie d’eau, la rivière y tombe par-dessus le parapet… Dans les rues de Paris où il y a des égouts, l’eau de la rivière y gonfle, se répand dans la rue et il faut y passer dans des bateaux ou sur des planches. La rue de Seine, faubourg Saint-Germain, est remplie d’eau qui entre des deux côtés dans les maisons… On ne passe que sur le Pont-Royal et sur le Pont-Neuf… On a vu dans la place Maubert porter le Bon Dieu dans un bateau… Il y eut quelques maisons détruites et renversée par les eaux, entre autres une, rue Saint-Dominique vis-à-vis le couvent de Belle-Chasse, appartenant à M. le duc de Saint-Simon ; il y en avait une partie vieille et l’autre rebâtie à neuf. La partie vieille a résisté… Il y a des ordres pour visiter les fondemens quand la rivière sera retirée et le dommage sera considérable… »",
1748.0,1748.0,"La place Louis XV, l'avenue de Neuilly et le Champ-de-Mars sont ouverts.",
1750.0,1750.0,6 juillet 1750 : Jean Diot et Bruno Lenoir sont étranglés puis brûlés en place de Grève.,
1751.0,1751.0,Début de la construction de l'École Militaire.,
1752.0,1752.0,"Le 13 juin la Seine s'élève au pont de la Tournelle à la cote de 3,95 mètres","ouverture de la Salle de Marine au Louvre, base du futur Musée de la Marine"
1764.0,1764.0,9 mai 1766 : Thomas Arthur de Lally-Tollendal est décapité en place de Grève.,
1772.0,1772.0,Incendie de l'Hôtel-Dieu.,
1775.0,1775.0,Ouverture de l'Hôtel de la Monnaie.,
1775.0,1776.0,"Hiver glacial dans le nord de la France. Normal au Centre et dans le Sud du pays. Grand froid à partir du 8 janvier 1775 jusqu’au début février. Température record : -−17,2 °C à Paris le 29 janvier. La Seine est gelée du 25 janvier au 6 février.",
1777.0,1777.0,Construction de la Folie d'Artois ou Château de Bagatelle dans le Bois de Boulogne.,
1780.0,1780.0,Construction des Galeries du Palais-Royal.,
1782.0,1782.0,9 avril : inauguration du Théâtre de l'Odéon.,
1783.0,1783.0,21 novembre : Premier vol d’un homme en ballon. Le Français Pilâtre de Rosier réalise cette première sur un ballon conçu et réalisé par les frères Montgolfier. Ce premier vol au-dessus de Paris dure 28 minutes et le ballon atteint les 1 000 m d’altitude.,
1783.0,1784.0,"Glacial, à la suite de l'éruption des Lakagígar, en Islande. Froid dans le Nord de novembre à avril. Neige abondante entre le 26 décembre et le 17 février. 69 jours de gels consécutifs à Paris. Température record : -−19,1 °C à Paris. Grand froid du 7 janvier au 4 février. La Seine gèle pendant deux mois.",
1784.0,1784.0,"Hiver glacial. 56 jours de gelées consécutives à Paris. La Seine gèle du 20 novembre au 20 janvier. Température record : -21,8°C à Paris le 31 décembre 1788.",
1789.0,1789.0,6 octobre : Installation de Louis XVI au palais des Tuileries,
1790.0,1790.0,14 juillet : Fête de la Fédération célébrée au Champ-de-Mars.,
1791.0,1791.0,"Premières levées de Volontaires nationaux dans les districts de Paris, de Franciade et de Bourg-de-l'Égalité pendant la Révolution.",
1792.0,1792.0,20 septembre : Fin de la première Terreur.,
1793.0,1793.0,8 novembre : ouverture du Museum central des Arts de la République au Louvre.,
1794.0,1794.0,Création du Musée de Minéralogie.,
1795.0,1795.0,11 octobre : Découpage en 12 arrondissements.,
1797.0,1797.0,28 avril : ouverture au public de la Bibliothèque de l'Arsenal.,
1800.0,1800.0,24 décembre : attentat manqué contre Bonaparte par des royalistes (22 morts).,
1802.0,1802.0,Début de la démolition du grand Châtelet. Elle s'achève en 1813.,
1803.0,1803.0,9 août : démonstration du bateau à vapeur de l'ingénieur américain Robert Fulton sur la Seine.,
1804.0,1804.0,2 décembre : sacres de Napoléon Ier et de l'impératrice Joséphine à la cathédrale Notre-Dame.,
1806.0,1806.0,24 octobre : inauguration du pont d'Austerlitz.,
1807.0,1807.0,29 juillet : Décret réduisant le nombre de théâtres parisiens à 8.,
1808.0,1808.0,Début de la démolition de la tour du Temple. Elle s'achève en 1810.,
1810.0,1810.0,août : inauguration de la colonne d'Austerlitz (actuelle « colonne Vendôme »).,
1811.0,1811.0,18 septembre : création du bataillon des sapeurs-pompiers de Paris.,
1814.0,1814.0,31 mars au 3 juin : occupation de Paris par les armées coalisées en présence de l'empereur Alexandre de Russie et du roi Frédéric-Guillaume III de Prusse. Arrivée du roi Louis XVIII le 3 mai.,
1815.0,1815.0,"7 décembre : exécution du maréchal Ney, avenue de l'Observatoire, qui avait « trahi le Roi avant le 23 mars » (1815) : ordonnance du 24 juillet 1815.",
1816.0,1816.0,5 000 lanternes éclairent 1 600 rues parisiennes. Nombreuses plaintes liées à la mauvaise qualité de cet éclairage. On adopte alors la technique londonienne d’éclairage au gaz inaugurée outre-Manche en 1804. Le passage couvert des Panoramas profite le premier de cette innovation.,
1817.0,1817.0,8 juillet : Inauguration des montagnes russes au jardin Beaujon.,
1819.0,1819.0,Les sapeurs-pompiers de Paris se dotent d’un gymnase.,
1820.0,1820.0,"13 février : assassinat du duc de Berry par le bonapartiste Louvel, à la sortie de l'Opéra.",
1822.0,1822.0,"21 septembre : exécution par la guillotine des quatre sergents de La Rochelle, en place de Grève.",
1824.0,1824.0,"octobre : inauguration du premier magasin de confection de série, À la Belle Jardinière de Pierre Parissot.",
1825.0,1825.0,"28 novembre : 100 000 à 200 000 personnes défilent dans les rues de Paris pour les obsèques du général Foy, député d'opposition.",
1826.0,1826.0,16 juillet : premier numéro du quotidien parisien Le Figaro.,
1827.0,1827.0,"En novembre, la police fait feu sur les émeutiers, lors de manifestations, en particulier rue Saint-Martin et rue Saint-Denis.",
1828.0,1828.0,30 janvier 1828. Premières lignes d’omnibus avec voitures tractées par des chevaux afin d’assurer les transports en communs.,
1829.0,1829.0,15 octobre : premier numéro du quotidien parisien Le Temps (disparu en 1842).,
1830.0,1830.0,"27, 28 et 29 juillet : insurrection populaire dite des « Trois Glorieuses » qui aboutit à la déposition du roi Charles X (951 morts, dont 163 militaires).",
1832.0,1832.0,13 et 14 avril : nouvelle insurrection républicaine qui se termine par le massacre de la rue Transnonain (12 morts).,
1835.0,1835.0,"Ouverture du premier palace parisien, l'Hôtel Meurice.",
1836.0,1836.0,Décembre : nouvelle crue de la Seine,
1837.0,1837.0,26 août : inauguration de première ligne de chemin de fer française ouverte aux voyageurs reliant Paris à Saint-Germain-en-Laye.,
1839.0,1839.0,2 août : la ligne de chemins de fer Paris-Versailles est désormais ouverte aux voyageurs.,
1840.0,1840.0,24 décembre : introduction à Paris de la tradition lorraine de l'arbre de Noël.,
1841.0,1841.0,Début des travaux de réunion de l'île Louviers à la rive droite (terminés en 1843 ou 1847 selon les sources).,
1842.0,1842.0,Fabrication des premières cigarettes françaises dans le quartier du Gros-Caillou.,
1843.0,1843.0,ouverture du musée du Moyen-Age dans l'Hôtel de Cluny.,
1845.0,1845.0,La population dépasse les 1 000 000 d'habitants.,
1846.0,1846.0,"23 juin : ouverture de la gare d'Enfer, actuelle gare Denfert-Rochereau.",
1848.0,1848.0,22 au 26 juin : insurrection populaire violemment réprimée pour protester contre la fermeture des ateliers nationaux (des milliers de morts).,
1851.0,1851.0,"2 décembre : coup d'État du président Bonaparte. L'armée occupe la ville. Dans les jours suivants, la timide réaction républicaine est écrasée (des centaines de morts).",
1852.0,1852.0,"11 décembre 1852. Inauguration du « cirque Napoléon », aujourd'hui Cirque d'Hiver.",
1853.0,1853.0,"1er juin 1853. Lancement du magasin Au bon marché d'Aristide Boucicaut, plus ancien grand magasin de France.",
1854.0,1854.0,21 juin : Décision de créer la rue des Halles pour établir un axe entre les futures Pavillons de Victor Baltard et la place du Chatelet.,
1855.0,1855.0,18 août : visite de la reine Victoria du Royaume-Uni.,
1856.0,1856.0,"À la suite de la grande crue du mois de mai ou la Seine s'élève au pont de la Tournelle à la cote de 4,90 mètres, elle s'élève encore le 4 juin, à la cote de 4,10 mètres puis le 8 juin à la cote de 3,70 mètres.",
1857.0,1857.0,30 novembre : inauguration de la Basilique Sainte-Clotilde.,
1858.0,1858.0,"19 mai 1858. Vote de la loi sur les grands travaux de Paris. Ils sont placés sous l'autorité du préfet de la Seine, Georges Eugène Haussmann.",
1859.0,1859.0,"16 juin. Loi repoussant les limites de la capitale jusqu'aux fortifications de Thiers. La ville absorbe onze communes en totalité (Belleville, Grenelle, Vaugirard, La Villette) ou en partie (Auteuil, Passy, Batignolles-Monceau, Bercy, La Chapelle, Charonne, Montmartre), ainsi que treize portions de communes. La commune est désormais réorganisée en vingt arrondissements.",
1860.0,1860.0,6 octobre 1860. Inauguration du Jardin d'acclimatation.,
1861.0,1861.0,Inauguration du Parc Monceau.,
1862.0,1862.0,19 avril : inauguration du théâtre du Châtelet.,
1863.0,1863.0,Inauguration de l'hippodrome de Vincennes.,
1865.0,1865.0,11 mai 1865. Création du grand magasin Au Printemps par Jules Jaluzot.,
1866.0,1866.0,"Le 29 septembre, la Seine s'élève au pont de la Tournelle à la cote de 5,21 mètres.",
1867.0,1867.0,1er octobre 1867. Inauguration du marché aux bestiaux de la Villette.,
1868.0,1868.0,5 juillet 1868. Premier numéro du quotidien parisien Le Gaulois.,
1869.0,1869.0,2 mai : ouverture des Folies Bergère.,
1870.0,1870.0,29 et 30 novembre : les éléphants Castor et Pollux de la ménagerie du Jardin des plantes sont abattus pour être consommés.,
1871.0,1871.0,"21 au 28 mai : Semaine sanglante, écrasement de la Commune (des milliers de morts). Incendies du palais des Tuileries, du palais d'Orsay et de l'hôtel de ville (destruction des registres paroissiaux et d'état civil). Bataille de la Butte-aux-Cailles les 24 au 25 mai. Exécution sommaire de 147 fédérés au cimetière du Père-Lachaise le 28 mai.",
1872.0,1872.0,"août : installation de la première Fontaine Wallace, boulevard de la Villette. Une centaine d'autres, créées et financées par Sir Richard Wallace, seront implantées dans toute la ville.",
1873.0,1873.0,"1er novembre : ouverture de l'hippodrome d'Auteuil, construit à l'orée du Bois de Boulogne.",
1875.0,1875.0,inauguration de la Grande Synagogue de Paris rue de la Victoire.,
1876.0,1876.0,15 octobre : premier numéro du quotidien parisien Le Petit Parisien (disparu en 1944).,
1878.0,1878.0,30 mai 1878. Premiers essais d'éclairage électrique de l'avenue de l'Opéra.,
1879.0,1879.0,"19 décembre 1879. Hiver rigoureux en Europe et -−23,9 °C à Paris-Montsouris d'après les données de Météo-France.",
1880.0,1880.0,Éclairage électrique des grands boulevards.,"ouverture du Musée Carnavalet, consacré-l'histoire de Paris"
1889.0,1889.0,1889 : parution du premier annuaire des abonnés au téléphone du département de la Seine.,
1891.0,1891.0,ouverture du Casino de Paris.,
1892.0,1892.0,"8 novembre : nouvel attentat anarchiste au commissariat de police du 9e arrondissement, rue des Bons-Enfants (5 morts).",
1893.0,1893.0,11 avril : inauguration de l'Olympia.,
1894.0,1894.0,16 juin et 23 juin : tenue à la Sorbonne du « Congrès pour le rétablissement des Jeux olympiques ».,
1895.0,1895.0,"28 décembre : première séance publique de cinéma par les frères Lumière, au salon indien du Grand Café.",
1896.0,1896.0,Disparition des lichens du jardin du Luxembourg en raison de la pollution.,
1897.0,1897.0,18 juillet : inauguration du Parc des Princes.,
1898.0,1898.0,inauguration du Jardin des Serres d'Auteuil.,
1899.0,1899.0,"Fondation par et pour des ouvriers de la première université populaire de France, rue du Faubourg-Saint-Antoine.",
1900.0,1900.0,19 juillet : inauguration de la première ligne de métro entre Vincennes et la porte Maillot.,
1901.0,1901.0,10 août : accident dans le métro à la station Couronnes (84 morts).,inauguration de la gare de Lyon-de son restaurant Le Train Bleu
1904.0,1904.0,19 octobre : ouverture de la ligne 3 du métro entre Villiers et Père Lachaise.,
1905.0,1905.0,29 mai : inauguration du Musée des Arts Décoratifs dans l'aile Marsan du Louvre.,
1906.0,1906.0,2 juin : ouverture de la ligne 5 du métro entre la gare d'Orléans et la place d'Italie.,
1907.0,1907.0,"3 octobre : inauguration de la Salle Gaveau, dédiée à la musique classique.",
1908.0,1908.0,21 avril : ouverture de la ligne 4 du métro entre la porte de Clignancourt et Châtelet.,
1909.0,1909.0,"13 septembre : mise en place de la première rue à sens unique, rue de Mogador.",
1910.0,1910.0,"décembre : ouverture de l'Hôtel Lutetia, premier palace situé Rive Gauche.",
1911.0,1911.0,"21 décembre : première « attaque de banque » utilisant la voiture automobile, perpétrée par la « bande à Bonnot ».",
1912.0,1912.0,4 février : saut mortel de l'inventeur Franz Reichelt depuis le premier étage de la tour Eiffel.,
1913.0,1913.0,"24 décembre : premier sapin de Noël géant, avenue des Champs-Élysées.",
1914.0,1914.0,"6 septembre : réquisition des taxis parisiens, les fameux « taxis de la Marne », par l'armée pour assurer le transport de troupes vers le front.",
1915.0,1915.0,10 septembre : premier numéro de l'hebdomadaire satirique parisien Le Canard enchaîné.,
1916.0,1916.0,29 au 31 janvier : série de bombardements aériens allemands depuis des zeppelins (26 morts).,
1918.0,1918.0,"octobre à décembre : pic de l'épidémie de grippe espagnole à Paris, des centaines de morts.",
1919.0,1919.0,"16 octobre : consécration de la basilique du Sacré-Cœur de Montmartre, dont les travaux durent encore jusqu'en 1923.",
1920.0,1920.0,La population atteint un maximum historique de 2 900 000 habitants.,
1921.0,1921.0,Premier concert diffusé par l'émetteur de la Tour Eiffel,
1923.0,1923.0,Premier salon des arts ménagers au Champ-de-Mars en octobre,
1924.0,1924.0,"4 mai au 27 juillet : Paris accueille les jeux de la VIIIe olympiade, ouverts par le président Gaston Doumergue.",
1925.0,1925.0,28 avril au 25 octobre : exposition internationale des Arts décoratifs et industriels modernes.,
1926.0,1926.0,"16 juillet : inauguration de la grande mosquée de Paris, première mosquée de France métropolitaine.",
1927.0,1927.0,"18 octobre : inauguration de la salle Pleyel, dédiée à la musique symphonique.",
1928.0,1928.0,Inauguration de l'Institut d'Art et d'Archéologie.,
1930.0,1930.0,6 mai au 15 novembre : exposition coloniale internationale à la porte Dorée (palais des Colonies) et dans le bois de Vincennes.,ouverture de la Maison de la Mutualité
1932.0,1932.0,"22 juillet : fin du trafic voyageurs sur la ligne de Petite Ceinture, désormais réservée au transport de marchandises.",ouverture du cinéma Le Grand Rex
1936.0,1936.0,décembre : ouverture du Musée Nissim-de-Camondo.,
1937.0,1937.0,"25 mai au 25 novembre : Exposition universelle sur le thème des « Arts et des Techniques appliqués à la Vie moderne ». À cette occasion, ouverture du Palais de Chaillot au Trocadéro et du Palais de la découverte au Grand Palais.",
1938.0,1938.0,"11 novembre : manifestation étudiante contre l'occupant sur les Champs-Élysées, réprimée.",
1941.0,1941.0,14 décembre : 100 otages fusillés par les Allemands.,
1942.0,1942.0,"16 et 17 juillet : grande rafle de plus de 13 000 juifs parisiens, détenus au vélodrome d'Hiver puis internés au camp de Drancy.",
1943.0,1943.0,15 septembre : bombardement allié sur Paris et sa banlieue (291 morts).,
1944.0,1944.0,"8 mai : célébration de la capitulation de l'Allemagne. La Marseillaise entonnée par la cantatrice Lily Pons au balcon de l'Opéra Garnier, devant 250 000 personnes.",
1946.0,1946.0,20 juin : ouverture du cabaret du Lido sur les Champs Elysées.,
1947.0,1947.0,12 février : premier défilé de haute couture (Christian Dior).,
1948.0,1948.0,10 décembre: l'Assemblée Générale des Nations Unies adopte la Déclaration Universelle des Droits de l'Homme au Palais de Chaillot.,
1949.0,1949.0,1er janvier : création de la Régie autonome des transports parisiens.,
1951.0,1951.0,6 juillet : célébration du bimillénaire de Paris.,
1952.0,1952.0,28 mai : répression d'une manifestation communiste contre la visite du général américain Ridgway (2 morts).,
1953.0,1953.0,14 juillet : répression d'une manifestation organisée par le MTLD en faveur de l'indépendance de l'Algérie (7 morts).,
1956.0,1956.0,30 janvier : Jumelage de Paris avec Rome,
1957.0,1957.0,"inauguration du palais de l'OTAN, devenu depuis 1968 le siège de l'Université Paris-Dauphine.",
1958.0,1958.0,"3 novembre : inauguration de la maison de l'Unesco, siège de l'Organisation des Nations unies pour l'éducation, la science et la culture, derrière l'École militaire.",
1959.0,1959.0,construction du Palais des Sports.,
1960.0,1960.0,6 au 10 juillet : plusieurs matchs du championnat d'Europe de football au Parc des Princes.,
1961.0,1961.0,17 octobre : répression d'une manifestation nocturne organisée par le FLN en faveur de l'indépendance de l'Algérie (entre 30 et 98 morts).,
1962.0,1962.0,14 décembre : inauguration de la maison de la Radio.,
1965.0,1965.0,6 avril : les voitures parisiennes seront désormais immatriculées en « 75 ».,
1967.0,1967.0,29 novembre : inauguration de l'autoroute du Nord.,
1968.0,1968.0,"14 décembre : mise en service du premier tronçon du RER, de Nation à Boissy-Saint-Léger.",
1970.0,1970.0,fondation du club de football du Paris-Saint-Germain.,
1971.0,1971.0,15 septembre : mise en service du premier horodateur à Paris.,
1972.0,1972.0,28 novembre : dernières exécutions à Paris : Roger Bontems et Claude Buffet sont guillotinés à la prison de la Santé.,
1973.0,1973.0,Première édition de la Paris Fashion Week ou Semaine de la Mode.,
1974.0,1974.0,"15 septembre : attentat à la grenade dans un drugstore du boulevard Saint-Germain, attribué au terroriste vénézuélien Carlos (2 morts).",
1975.0,1975.0,20 juillet : première arrivée du Tour de France sur les Champs-Élysées.,
1976.0,1976.0,"24 décembre : assassinat en pleine rue du député Jean de Broglie, revendiqué par le groupe Charles-Martel.",
1977.0,1977.0,8 décembre : inauguration de la gare de Châtelet - Les Halles. Mises en service officielles de la ligne A et de la ligne B du RER.,
1978.0,1978.0,31 juillet : prise d'otages à l'ambassade d'Irak par des militants de l'OLP (2 morts).,
1979.0,1979.0,"2 novembre : mort du criminel Jacques Mesrine, abattu par les policiers de la Brigade de recherche et d'intervention du commissaire Broussard à la porte de Clignancourt.",
1980.0,1980.0,3 octobre : attentat à la bombe contre la synagogue de la rue Copernic (4 morts).,
1981.0,1981.0,24 septembre : attaque du consulat de Turquie par un commando de l'Asala (1 mort).,
1982.0,1982.0,9 août : attaque antisémite dans un restaurant de la rue des Rosiers (6 morts).,
1983.0,1983.0,"6 et 13 mars : les élections municipales sont remportées par les listes conduites par Jacques Chirac, réélu maire le 21 mars.",
1984.0,1984.0,"12 au 27 juin : plusieurs matchs du championnat d'Europe de football au Parc des Princes, dont la finale victorieuse de l'équipe de France.",
1985.0,1985.0,23 septembre : ouverture du Musée Picasso dans l'Hôtel Salé.,
1986.0,1986.0,"9 décembre : inauguration du musée d'Orsay, réaménagement de l'ancienne gare d'Orsay, consacré aux arts de la deuxième moitié du XIXe siècle",
1987.0,1987.0,30 novembre : inauguration de l'Institut du monde arabe.,
1988.0,1988.0,22 octobre : incendie criminel du cinéma Saint-Michel par des intégristes catholiques.,
1989.0,1989.0,24 septembre : inauguration du premier tronçon de la ligne à grande vitesse entre Paris et Tours.,
1991.0,1991.0,10 décembre : inscription des Berges de la Seine au Patrimoine mondial de l'UNESCO.,
1992.0,1992.0,Ouverture du parc André-Citroën.,
1993.0,1993.0,23 mai : inauguration du premier tronçon de la ligne à grande vitesse entre Paris et Lille.,
1994.0,1994.0,14 novembre : début des liaisons Eurostar entre Paris et Londres.,
1995.0,1995.0,17 octobre : nouvel attentat terroriste entre les stations du musée d'Orsay et Saint-Michel de la ligne C du RER.,
1996.0,1996.0,"17 décembre : inauguration et ouverture au public de la Très Grande Bibliothèque, rebaptisée bibliothèque François-Mitterrand, sur le site de Tolbiac.",
1997.0,1997.0,"31 août : mort de Diana Spencer, princesse de Galles, à la suite d'un accident de voiture dans le tunnel du pont de l'Alma.",
1998.0,1998.0,"15 octobre : ouverture de la ligne 14 du métro, dite « Meteor », entre Madeleine et Bibliothèque François-Mitterrand, complètement automatique.",
1999.0,1999.0,27 décembre : une violente tempête balaye la France. Vent à 169 km/h (record) à Paris. Plus de 220 km/h au sommet de la tour Eiffel.,
2000.0,2000.0,21 décembre : inauguration de l'hôpital européen Georges-Pompidou.,
2001.0,2001.0,13 juillet : échec de la candidature parisienne à l'organisation des jeux olympiques d'été de 2008.,
2002.0,2002.0,"5 octobre : première édition de la « Nuit Blanche », qui met à l’honneur l’art contemporain tout au long de la nuit.",
2003.0,2003.0,"novembre : forum social européen, organisé par les altermondialistes.",
2005.0,2005.0,"6 juillet : échec de la candidature parisienne à l'organisation des jeux olympiques d'été de 2012, face à Londres.",
2006.0,2006.0,"16 décembre : inauguration de la ligne 3 du tramway, dit « tramway des Maréchaux », entre le pont du Garigliano et la porte d'Ivry. Retour du tramway après 70 ans d'absence.",
2007.0,2007.0,ouverture de la première tranche du parc Clichy Batignolles.,
2008.0,2008.0,11 octobre : ouverture du centre culturel CentQuatre dans l'ancienne halle des Pompes funèbres municipales.,
2011.0,2011.0,"5 décembre : lancement d'Autolib', service public d'autopartage de voitures électriques en libre-service.",
2012.0,2012.0,15 décembre : ouverture de la ligne 3b du tramway entre la porte de Vincennes et la porte de la Chapelle.,
,,15 décembre: ouverture du Musée de l'Histoire de l'Immigration dans le Palais de la Porte Dorée (ancien palais des Colonies).,"datetime=""2013"" data-sort-value=""2013"" class=""date-lien"">2013Nuit du 9 au 10 janvier triple assassinat de militantes kurdes dans le Xe arrondissement"
2015.0,2015.0,"30 novembre au 12 décembre : conférence  de Paris sur le climat, dite COP21, au parc des expositions du Bourget. Adoption du premier accord universel sur le climat.",
2016.0,2016.0,19 octobre : inauguration de la cathédrale orthodoxe russe de la Sainte-Trinité et du centre spirituel et culturel associé.,
2017.0,2017.0,13 septembre : Paris désignée par le CIO ville organisatrice des Jeux Olympiques de 2024.,
,,octobre : ouverture du musée Yves-Saint-Laurent.,"datetime=""2018"" data-sort-value=""2018"" class=""date-lien"">2018janvier crue de la Seine qui atteint 5,84 mètres le 29 janvier"
2019.0,2019.0,14 juin : ouverture au public de la Cité de l'Economie et de la Monnaie dans l'ancien hôtel Gaillard.,
